[
    {
        "id": "0",
        "category": "curb",
        "name": "Bordillo A-80",
        "color": ["gris"],
        "hexa": ["#ABABA9"],
        "img": "bordillos/bordillo_a_80.png",
        "carousel": ["img/products/bordillos/bordillo_a_80.png"],
        "description":
            "Pieza aligerada por dos orificios prefabricada en concreto cuyo uso habitual es el confinamiento para cambios de material en superficies a nivel, asi como la conformación de bordes en zonas verdes.",
        "texture": "Lisa salida de molde",
        "resistance": "280 kgf/cm2 - 28 MPa",
        "rules": "NTC 4109 - Cartilla de andenes del IDU",
        "weight": "99 kg/und",
        "size": "80x20x35 cm",
        "performance": "1,25 und/ml"
    },
    {
        "id": "1",
        "category": "curb",
        "name": "Bajo rampa A-85",
        "color": ["gris"],
        "hexa": ["#ABABA9"],
        "img": "bordillos/bajo_rampa_a_85.png",
        "carousel": ["img/products/bordillos/bajo_rampa_a_85.png"],
        "description":
            "Pieza aligerada por dos orificios y con inclinación en su cara superior prefabricada en concreto cuyo uso habitual es el confinamiento para cambios de material en superficies a desnivel.",
        "texture": "Lisa salida de molde",
        "resistance": "280 kgf/cm2 - 28 MPa",
        "rules": "NTC 4109 - Cartilla de andenes del IDU",
        "weight": "94 kg/und",
        "size": "80x20x35 cm",
        "performance": "1,25 und/ml"
    },
    {
        "id": "2",
        "category": "curb",
        "name": "Bordillo A-81",
        "color": ["gris"],
        "hexa": ["#ABABA9"],
        "img": ["bordillos/bordillo_a_81.png"],
        "carousel": ["img/products/bordillos/bordillo_a_81.png"],
        "description":
            "Pieza aligerada por tres orificios prefabricada en concreto cuyo uso habitual es el confinamiento para cambios de material, o sobresaliendo hasta quince centimetros respecto al piso para conformar bordes en zonas verdes.",
        "texture": "Lisa salida de molde",
        "resistance": "280 kgf/cm2 - 28 MPa",
        "rules": "NTC 4109 - Cartilla de andenes del IDU",
        "weight": "130 kg/und",
        "size": "80x15x35 cm",
        "performance": "1,25 und/ml"
    },
    {
        "id": "3",
        "category": "curb",
        "name": "Sardinel A-10",
        "color": ["gris"],
        "hexa": ["#ABABA9"],
        "img": "bordillos/sardinel_a_10.png",
        "carousel": ["img/products/bordillos/sardinel_a_10.png"],
        "description":
            "Pieza aligerada por tres orificios prefabricada en concreto cuya función es delimitar el andén cuando se va a generar un desnivel y cuando va a estar en contacto con el tráfico vehicular, confina los materiales que componen el andén y resiste el impacto de las llantas de los vehículos que circulan por la vía.",
        "texture": "Lisa salida de molde",
        "resistance": "280 kgf/cm2 - 28 MPa",
        "rules": "NTC 4109 - Cartilla de andenes del IDU",
        "weight": "130 kg/und",
        "size": "80x20x50 cm",
        "performance": "1,25 und/ml"
    },
    {
        "id": "4",
        "category": "curb",
        "name": "Hombro izquierdo A-100",
        "color": ["gris"],
        "hexa": ["#ABABA9"],
        "img": "bordillos/hombro_izquierdo_a_100.png",
        "carousel": ["img/products/bordillos/hombro_izquierdo_a_100.png"],
        "description":
            "Pieza aligerada por tres orificios en una de sus caras y dos orificios en la otra prefabricada en concreto cuya función es unir el sardinel A-10 y el bajo rampa A-85 como cambio de nivel en las entradas vehiculares, confina los materiales que componen el andén y resiste el impacto de las llantas de los vehículos que circulan por la vía. Por su forma se adaptan a las esquinas izquierdas y derechas.",
        "texture": "Lisa salida de molde",
        "resistance": "280 kgf/cm2 - 28 MPa",
        "rules": "NTC 4109 - Cartilla de andenes del IDU",
        "weight": "97 kg/und",
        "size": "50x20x50/35 cm",
        "performance": "2 und/ml"
    },
    {
        "id": "5",
        "category": "curb",
        "name": "Hombro derecho A-100",
        "color": ["gris"],
        "hexa": ["#ABABA9"],
        "img": "bordillos/hombro_derecho_a_100.png",
        "carousel": ["img/products/bordillos/hombro_derecho_a_100.png"],
        "description":
            "Pieza aligerada por tres orificios en una de sus caras y dos orificios en la otra prefabricada en concreto cuya función es unir el sardinel A-10 y el bajo rampa A-85 como cambio de nivel en las entradas vehiculares, confina los materiales que componen el andén y resiste el impacto de las llantas de los vehículos que circulan por la vía. Por su forma se adaptan a las esquinas izquierdas y derechas.",
        "texture": "Lisa salida de molde",
        "resistance": "280 kgf/cm2 - 28 MPa",
        "rules": "NTC 4109 - Cartilla de andenes del IDU",
        "weight": "97 kg/und",
        "size": "50x20x50/35 cm",
        "performance": "2 und/ml"
    },
    {
        "id": "6",
        "category": "curb",
        "name": "Cañuela A_120",
        "color": ["gris"],
        "hexa": ["#ABABA9"],
        "img": "bordillos/canuela_a_120.png",
        "carousel": ["img/products/bordillos/canuela_a_120.png"],
        "description":
            "Pieza aligerada por dos orificios prefabricada en concreto y en forma de 'V' cuyo uso habitual es la interceptación y la conducción de las corrientes hidricas que se presenten en superficies a nivel.",
        "texture": "Lisa salida de molde",
        "resistance": "280 kgf/cm2 - 28 MPa",
        "rules": "NTC 4109 - Cartilla de andenes del IDU",
        "weight": "92 kg/und",
        "size": "80x20x30 cm",
        "performance": "1,25 und/ml"
    },
    {
        "id": "7",
        "category": "block",
        "name": "Bloque estructural de 12cm",
        "color": [
            "gris",
            "chocolate",
            "ocre",
            "terracota",
            "negro",
            "arena",
            "verde",
            "azul"
        ],
        "hexa": [
            "#ABABA9",
            "#695850",
            "#96723A",
            "#7B2A2F",
            "#332A2F",
            "#925831",
            "#566A28",
            "#456780"
        ],
        "img": "bloques/bloque_estructural_12cm.png",
        "carousel": [
            "img/products/bloques/estructural_12/gris.png",
            "img/products/bloques/estructural_12/tierra.png",
            "img/products/bloques/estructural_12/ocre.png",
            "img/products/bloques/estructural_12/terracota.png",
            "img/products/bloques/estructural_12/negro.png",
            "img/products/bloques/estructural_12/naranja.png",
            "img/products/bloques/estructural_12/verde.png",
            "img/products/bloques/estructural_12/azul.png"
        ],
        "description":
            "Bloques estructurales lisos utilizados ampliamente en mampostería y construcción de fachadas entre otros. Se logra un acabado fino y uniforme. Tambien se fabrican para hacer cortes de unidades medios.",
        "texture": "Lisa salida de molde",
        "resistance": "280 kgf/cm2 - 28 MPa",
        "rules": "NTC 4026",
        "weight": "10 Kg/und",
        "size": "39x12x19 cm",
        "performance": "12,5 und/m<sup>2</sup>"
    },
    {
        "id": "8",
        "category": "block",
        "name": "Bloque estructural de 14cm",
        "color": [
            "gris",
            "chocolate",
            "ocre",
            "terracota",
            "negro",
            "arena",
            "verde",
            "azul"
        ],
        "hexa": [
            "#ABABA9",
            "#695850",
            "#96723A",
            "#7B2A2F",
            "#332A2F",
            "#925831",
            "#566A28",
            "#456780"
        ],
        "img": "bloques/bloque_estructural_14cm.png",
        "carousel": [
            "img/products/bloques/estructural_14/gris.png",
            "img/products/bloques/estructural_14/tierra.png",
            "img/products/bloques/estructural_14/ocre.png",
            "img/products/bloques/estructural_14/terracota.png",
            "img/products/bloques/estructural_14/negro.png",
            "img/products/bloques/estructural_14/naranja.png",
            "img/products/bloques/estructural_14/verde.png",
            "img/products/bloques/estructural_14/azul.png"
        ],
        "description":
            "Bloques estructurales lisos utilizados ampliamente en mampostería y construcción de fachadas entre otros. Se logra un acabado fino y uniforme. Tambien se fabrican para hacer cortes de unidades medios.",
        "texture": "Lisa salida de molde",
        "resistance": "280 kgf/cm2 - 28 MPa",
        "rules": "NTC 4026",
        "weight": "13,10 Kg/und",
        "size": "39x14x19 cm",
        "performance": "12.5 und/m<sup>2</sup>"
    },
    {
        "id": "9",
        "category": "block",
        "name": "Bloque estructural liso",
        "color": [
            "gris",
            "chocolate",
            "ocre",
            "terracota",
            "negro",
            "arena",
            "verde",
            "azul"
        ],
        "hexa": [
            "#ABABA9",
            "#695850",
            "#96723A",
            "#7B2A2F",
            "#332A2F",
            "#925831",
            "#566A28",
            "#456780"
        ],
        "img": "bloques/bloque_estructural_liso.png",
        "carousel": [
            "img/products/bloques/liso/gris.png",
            "img/products/bloques/liso/tierra.png",
            "img/products/bloques/liso/ocre.png",
            "img/products/bloques/liso/terracota.png",
            "img/products/bloques/liso/negro.png",
            "img/products/bloques/liso/naranja.png",
            "img/products/bloques/liso/verde.png",
            "img/products/bloques/liso/azul.png"
        ],
        "description":
            "Bloques estructurales lisos utilizados ampliamente en mampostería y construcción de fachadas entre otros. Se logra un acabado fino y uniforme. Tambien se fabrican para hacer cortes de unidades medios.",
        "texture": "Lisa salida de molde",
        "resistance": "280 kgf/cm2 - 28 MPa",
        "rules": "NTC 4026",
        "weight": "12,4 kg/und",
        "size": "39x14x19 cm",
        "performance": "12.5 und/m<sup>2</sup>"
    },
    {
        "id": "10",
        "category": "block",
        "name": "Bloque arquitectonico de 12x6cm",
        "color": [
            "gris",
            "chocolate",
            "ocre",
            "terracota",
            "negro",
            "arena",
            "verde",
            "azul"
        ],
        "hexa": [
            "#ABABA9",
            "#695850",
            "#96723A",
            "#7B2A2F",
            "#332A2F",
            "#925831",
            "#566A28",
            "#456780"
        ],
        "img": "bloques/bloque_vicenzo.png",
        "carousel": [
            "img/products/bloques/vicenzo/gris.png",
            "img/products/bloques/vicenzo/tierra.png",
            "img/products/bloques/vicenzo/ocre.png",
            "img/products/bloques/vicenzo/terracota.png",
            "img/products/bloques/vicenzo/negro.png",
            "img/products/bloques/vicenzo/naranja.png",
            "img/products/bloques/vicenzo/verde.png",
            "img/products/bloques/vicenzo/azul.png"
        ],
        "description":
            "Bloques estructurales lisos utilizados ampliamente en mampostería y construcción de fachadas entre otros. Se logra un acabado fino y uniforme. Tambien se fabrican para hacer cortes de unidades medios.",
        "texture": "Lisa salida de molde",
        "resistance": "280 kgf/cm2 - 28 MPa",
        "rules": "NTC 4026",
        "weight": "3,6 kg/und",
        "size": "40x13x7 cm",
        "performance": "35,7 und/m<sup>2</sup>"
    },
    {
        "id": "11",
        "category": "cobble",
        "name": "Adoquin alerta",
        "color": [
            "gris",
            "chocolate",
            "ocre",
            "terracota",
            "negro",
            "arena",
            "verde",
            "azul"
        ],
        "hexa": [
            "#ABABA9",
            "#695850",
            "#96723A",
            "#7B2A2F",
            "#332A2F",
            "#925831",
            "#566A28",
            "#456780"
        ],
        "img": "adoquines/alerta/gris.png",
        "carousel": [
            "img/products/adoquines/alerta/gris.png",
            "img/products/adoquines/alerta/tierra.png",
            "img/products/adoquines/alerta/ocre.png",
            "img/products/adoquines/alerta/terracota.png",
            "img/products/adoquines/alerta/negro.png",
            "img/products/adoquines/alerta/naranja.png",
            "img/products/adoquines/alerta/verde.png",
            "img/products/adoquines/alerta/azul.png"
        ],
        "description":
            "Pieza rectangular prefabricada en concreto, utilizada para la construcción de pavimentos segmentados, que por su espesor es utilizado en tráfico peatonal.",
        "texture": "Con taches 3x2 salida de molde",
        "resistance": "23 mm promedio maximo",
        "rules": "NTC 2017 - Cartilla de andenes del IDU",
        "weight": "2,6 kg/und",
        "size": "20x10x4 cm",
        "performance": "50 und/m2"
    },
    {
        "id": "12",
        "category": "cobble",
        "name": "Adoquin peatonal",
        "color": [
            "gris",
            "chocolate",
            "ocre",
            "terracota",
            "negro",
            "arena",
            "verde",
            "azul"
        ],
        "hexa": [
            "#ABABA9",
            "#695850",
            "#96723A",
            "#7B2A2F",
            "#332A2F",
            "#925831",
            "#566A28",
            "#456780"
        ],
        "img": "adoquines/peatonal/gris.png",
        "carousel":[
            "img/products/img/products/adoquines/peatonal/gris.png",
            "img/products/img/products/adoquines/peatonal/tierra.png",
            "img/products/img/products/adoquines/peatonal/ocre.png",
            "img/products/img/products/adoquines/peatonal/terracota.png",
            "img/products/img/products/adoquines/peatonal/negro.png",
            "img/products/img/products/adoquines/peatonal/naranja.png",
            "img/products/img/products/adoquines/peatonal/verde.png",
            "img/products/img/products/adoquines/peatonal/azul.png"
        ],
        "description":
            "Pieza rectangular prefabricada en concreto, utilizada para la construcción de pavimentos segmentados, que por su espesor es utilizado en tráfico peatonal.",
        "texture": "Lisa salida de molde",
        "resistance": "23 mm promedio maximo",
        "rules": "NTC 2017 - Cartilla de andenes del IDU",
        "weight": "2,6 kg/und",
        "size": "20x10x6 cm",
        "performance": "50 und/m2"
    },
    {
        "id": "13",
        "category": "cobble",
        "name": "Adoquin Vehicular",
        "color": [
            "gris",
            "chocolate",
            "ocre",
            "terracota",
            "negro",
            "arena",
            "verde",
            "azul"
        ],
        "hexa": [
            "#ABABA9",
            "#695850",
            "#96723A",
            "#7B2A2F",
            "#332A2F",
            "#925831",
            "#566A28",
            "#456780"
        ],
        "img": "adoquines/vehicular/gris.png",
        "carousel": [
            "img/products/adoquines/vehicular/gris.png",
            "img/products/adoquines/vehicular/tierra.png",
            "img/products/adoquines/vehicular/ocre.png",
            "img/products/adoquines/vehicular/terracota.png",
            "img/products/adoquines/vehicular/negro.png",
            "img/products/adoquines/vehicular/naranja.png",
            "img/products/adoquines/vehicular/verde.png",
            "img/products/adoquines/vehicular/azul.png"
        ],
        "description":
            "Pieza rectangular prefabricada en concreto, utilizada para la construcción de pavimentos segmentados, que por su espesor es utilizado en tráfico vehicular.",
        "texture": "Lisa salida de molde",
        "resistance": "23 mm promedio maximo",
        "rules": "NTC 2017 - Cartilla de andenes del IDU",
        "weight": "3,4 kg/und",
        "size": "20x10x8",
        "performance": "50 und/m2"
    },
    {
        "id": "14",
        "category": "tiles",
        "name": "Loseta alerta",
        "color": [
            "gris",
            "chocolate",
            "ocre",
            "terracota",
            "negro",
            "arena",
            "verde",
            "azul"
        ],
        "hexa": [
            "#ABABA9",
            "#695850",
            "#96723A",
            "#7B2A2F",
            "#332A2F",
            "#925831",
            "#566A28",
            "#456780"
        
        ],
        "img":"losetas/alerta/gris.png",
        "carousel": [
            "img/products/losetas/alerta/gris.png",
            "img/products/losetas/alerta/tierra.png",
            "img/products/losetas/alerta/ocre.png",
            "img/products/losetas/alerta/terracota.png",
            "img/products/losetas/alerta/negro.png",
            "img/products/losetas/alerta/naranja.png",
            "img/products/losetas/alerta/verde.png",
            "img/products/losetas/alerta/azul.png"
        ],
        "description":
            "Pieza cuadrada prefabricada en concreto Bicapa, utilizadas para la construcción de pisos y pavimentos para tráfico peatonal y vehicular liviano (sólo accesos a predios).",
        "texture": "Con taches 3x3 salida de molde",
        "resistance": "42 kgf/cm2 - 4,2 MPa",
        "rules": "NTC 4992 - Cartilla de andenes del IDU",
        "weight": "5 kg/und",
        "size": "20x20x6 cm",
        "performance": "25 und/m2"
    },
    {
        "id": "15",
        "category": "tiles",
        "name": "Loseta cuadratica",
        "color": [
            "gris",
            "chocolate",
            "ocre",
            "terracota",
            "negro",
            "arena",
            "verde",
            "azul"
        ],
        "hexa": [
            "#ABABA9",
            "#695850",
            "#96723A",
            "#7B2A2F",
            "#332A2F",
            "#925831",
            "#566A28",
            "#456780"
        ],
        "img": "losetas/cuadratica/gris.png",
        "carousel": [
            "img/products/losetas/cuadratica/gris.png",
            "img/products/losetas/cuadratica/tierra.png",
            "img/products/losetas/cuadratica/ocre.png",
            "img/products/losetas/cuadratica/terracota.png",
            "img/products/losetas/cuadratica/negro.png",
            "img/products/losetas/cuadratica/naranja.png",
            "img/products/losetas/cuadratica/verde.png",
            "img/products/losetas/cuadratica/azul.png"
        ],
        "description":
            "Pieza cuadrada prefabricada en concreto Bicapa, utilizadas para la construcción de pisos y pavimentos para tráfico peatonal y vehicular liviano (sólo accesos a predios).",
        "texture": "Con cuadros 3x3 salida de molde",
        "resistance": "42 kgf/cm2 - 4,2 MPa",
        "rules": "NTC 4992 - Cartilla de andenes del IDU",
        "weight": "5 kg/und",
        "size": "20x20x6 cm",
        "performance": "25 und/m2"
    },
    {
        "id": "16",
        "category": "tiles",
        "name": "Loseta guia",
        "color": [
            "gris",
            "chocolate",
            "ocre",
            "terracota",
            "negro",
            "arena",
            "verde",
            "azul"
        ],
        "hexa": [
            "#ABABA9",
            "#695850",
            "#96723A",
            "#7B2A2F",
            "#332A2F",
            "#925831",
            "#566A28",
            "#456780"
        ],
        "img": "losetas/guia/gris.png",
        "carousel": [
            "img/products/losetas/guia/gris.png",
            "img/products/losetas/guia/tierra.png",
            "img/products/losetas/guia/ocre.png",
            "img/products/losetas/guia/terracota.png",
            "img/products/losetas/guia/negro.png",
            "img/products/losetas/guia/naranja.png",
            "img/products/losetas/guia/verde.png",
            "img/products/losetas/guia/azul.png"
        ],
        "description":
            "Pieza cuadrada prefabricada en concreto Bicapa, utilizadas para la construcción de pisos y pavimentos para tráfico peatonal y vehicular liviano (sólo accesos a predios).",
        "texture": "Con 3 franjas salida de molde",
        "resistance": "42 kgf/cm2 - 4,2 MPa",
        "rules": "NTC 4992 - Cartilla de andenes del IDU",
        "weight": "5 kg/und",
        "size": "20x20x6 cm",
        "performance": "25 und/m2"
    },
    {
        "id": "17",
        "category": "tiles",
        "name": "Loseta lisa",
        "color": [
            "gris",
            "chocolate",
            "ocre",
            "terracota",
            "negro",
            "arena",
            "verde",
            "azul"
        ],
        "hexa": [
            "#ABABA9",
            "#695850",
            "#96723A",
            "#7B2A2F",
            "#332A2F",
            "#925831",
            "#566A28",
            "#456780"
        ],
        "img": "losetas/lisa/gris.png",
        "carousel":[
            "img/products/losetas/lisa/gris.png",
            "img/products/losetas/lisa/tierra.png",
            "img/products/losetas/lisa/ocre.png",
            "img/products/losetas/lisa/terracota.png",
            "img/products/losetas/lisa/negro.png",
            "img/products/losetas/lisa/naranja.png",
            "img/products/losetas/lisa/verde.png",
            "img/products/losetas/lisa/azul.png"
        ],
        "description":
            "Pieza cuadrada prefabricada en concreto Bicapa, utilizadas para la construcción de pisos y pavimentos para tráfico peatonal y vehicular liviano (sólo accesos a predios).",
        "texture": "Lisa salida de molde",
        "resistance": "42 kgf/cm2 - 4,2 MPa",
        "rules": "NTC 4992 - Cartilla de andenes del IDU",
        "weight": "5 kg/und",
        "size": "20x20x6 cm",
        "performance": "25 und/m2"
    }
]